{
  "sensor": "InvenSense_IMU",
  "time": [
    0,
    1,
    2,
    3,
    4,
    5,
    6,
    7,
    8,
    9,
    10,
    11,
    12,
    13,
    14,
    15,
    16,
    17,
    18,
    19,
    20,
    21,
    22,
    23,
    24,
    25,
    26,
    27,
    28,
    29,
    30,
    31,
    32,
    33,
    34,
    35,
    36,
    37,
    38,
    39,
    40,
    41,
    42,
    43,
    44,
    45,
    46,
    47,
    48,
    49,
    50,
    51,
    52,
    53,
    54,
    55,
    56,
    57,
    58,
    59,
    60,
    61,
    62,
    63,
    64,
    65,
    66,
    67,
    68,
    69,
    70,
    71,
    72,
    73,
    74,
    75,
    76,
    77,
    78,
    79,
    80,
    81,
    82,
    83,
    84,
    85,
    86,
    87,
    88,
    89,
    90,
    91,
    92,
    93,
    94,
    95,
    96,
    97,
    98,
    99
  ],
  "accel": [
    [
      0.3517086572409548,
      0.34390027468563134,
      -0.43547555363948637
    ],
    [
      0.14580735061570568,
      -0.43682944036101784,
      -0.10653168903077434
    ],
    [
      -0.3146641586236993,
      -0.04881759498217844,
      -0.06517146263764682
    ],
    [
      -1.2251046772813294,
      -0.16410945889731784,
      0.3879860788036665
    ],
    [
      -0.183417652093814,
      0.3354054855415737,
      0.24206342237992076
    ],
    [
      -0.15453472527937276,
      0.3271382594714548,
      -0.8146894155224511
    ],
    [
      0.8291977458521416,
      0.3889903505328666,
      -0.8267314062058768
    ],
    [
      0.27282232329257655,
      0.312130581084631,
      0.3281718264331521
    ],
    [
      -0.05588936426916043,
      0.09626551258293918,
      -0.7589873125231912
    ],
    [
      0.12782238957823513,
      -0.4505164846060877,
      -0.126356138592878
    ],
    [
      1.0030262685827578,
      0.8034609442572728,
      0.6475567936600929
    ],
    [
      -0.44254110459805346,
      -0.062334664711620386,
      -0.013660070593762171
    ],
    [
      -1.3989831228559537,
      0.6963797769234317,
      0.32309389550169215
    ],
    [
      -0.051393183652813215,
      -0.059253807730328165,
      0.60468114650759
    ],
    [
      -0.5971128967878686,
      1.0107051502622804,
      0.5788241931940249
    ],
    [
      -0.6987384386360613,
      0.9590106190848271,
      0.3258728127661191
    ],
    [
      0.4308745415553013,
      -0.5374351830431162,
      0.8356742305322793
    ],
    [
      -0.1579908417917702,
      -0.6933648067678176,
      -0.4665493386119709
    ],
    [
      0.15775884132890675,
      0.7231296910632772,
      0.08197758044226461
    ],
    [
      -0.350220643004031,
      0.49160833253613956,
      0.40010549541227847
    ],
    [
      -0.25588535147800595,
      0.38077312407308644,
      1.0665665849678958
    ],
    [
      -1.1517722359083384,
      -0.203823244685448,
      -0.5107138331253673
    ],
    [
      0.3332434795171301,
      0.3013419073969122,
      -0.1807624428553581
    ],
    [
      0.07599127603384019,
      0.678826034319617,
      0.6221387797608899
    ],
    [
      0.1525536866896307,
      0.4118779335364239,
      0.41683653217306693
    ],
    [
      0.3945382399338997,
      0.01758865752148234,
      -0.7261835314659167
    ],
    [
      -0.7401496129257055,
      -0.3582517088627383,
      0.5631489811896679
    ],
    [
      0.282657269440094,
      0.07225777689767571,
      0.23931616140779693
    ],
    [
      0.08688732469484661,
      0.11826530446135378,
      -0.396546762907139
    ],
    [
      -0.002507659996950687,
      0.24670883218639042,
      0.26893896288228225
    ],
    [
      0.020621885088470366,
      0.9197440828945846,
      -0.70941982966804
    ],
    [
      0.46980580377093395,
      0.3165446654628157,
      0.6578547242850585
    ],
    [
      0.5885600293943057,
      -0.2503374003648094,
      -1.2935400739481062
    ],
    [
      -0.40278156987371466,
      0.4581040135250248,
      -0.1654375421311145
    ],
    [
      0.27854126588773676,
      -0.49532847847421974,
      0.5251106476248282
    ],
    [
      -0.5496244614913677,
      -0.08961490111350684,
      -0.5780762134752414
    ],
    [
      -0.19516566399556934,
      1.0343461147038155,
      -0.8154626962484992
    ],
    [
      -0.06577433914179176,
      -0.3840049682479483,
      0.28303603141834754
    ],
    [
      -0.32630519729476565,
      -0.013443331149398588,
      -0.12496211929086837
    ],
    [
      -0.8939372182598716,
      0.5820230546998268,
      -0.3044085026034178
    ],
    [
      1.120451053156712,
      -0.0007320990924556165,
      0.531398427695381
    ],
    [
      -0.3690366609734454,
      0.5021136124303588,
      -0.12313873141405418
    ],
    [
      -0.17513063230257794,
      0.06040071470622804,
      -0.24684755646128145
    ],
    [
      -0.3723946474886537,
      -0.4430710259952732,
      0.18826700451661457
    ],
    [
      -0.41404328984977506,
      -0.8403665554206744,
      -1.2371057050464678
    ],
    [
      0.11039164991390037,
      0.4312564185713263,
      0.32944229492175586
    ],
    [
      0.33305583823609053,
      -1.014658015031353,
      0.5712452376354041
    ],
    [
      0.06853206426577722,
      0.5045828285004808,
      0.025346170025778925
    ],
    [
      -0.6112772591829873,
      0.1808225768716462,
      0.32027615268602566
    ],
    [
      0.577996134897149,
      -0.44392678627574456,
      -0.3825946941665559
    ],
    [
      1.2575822984682226,
      -0.32011981715204485,
      -0.10576772075808183
    ],
    [
      -0.23407545494089593,
      0.8132487827111097,
      0.4304399296587888
    ],
    [
      0.2682768644390609,
      0.47408072919143407,
      0.25815213453511815
    ],
    [
      -0.3785765066674811,
      0.03512994778253071,
      0.41140617463963364
    ],
    [
      -0.597923211944646,
      0.4239075969172348,
      0.42195588748331414
    ],
    [
      -0.42060240374121616,
      -0.15533521123145846,
      -1.2128504807530829
    ],
    [
      0.14431201893133835,
      0.9185269777714555,
      -0.05910818461037245
    ],
    [
      1.024398939324613,
      0.4915059236091534,
      -0.5104844815828767
    ],
    [
      0.21603900070928655,
      0.4349566985407124,
      0.48598465882503944
    ],
    [
      -0.19849090299697197,
      -0.06241318168933237,
      0.1379550109072983
    ],
    [
      0.3457705971623838,
      -0.6100161306332746,
      0.536669675154724
    ],
    [
      -0.013083288392720417,
      0.4628098862612781,
      0.021522894892768832
    ],
    [
      0.062128270753964376,
      0.97555962161092,
      0.030122606689037375
    ],
    [
      0.38804465932746496,
      -0.41596566296640397,
      1.2519231748973378
    ],
    [
      -0.20534043658639045,
      0.206899697355007,
      -0.16242652261510088
    ],
    [
      0.09651530198588597,
      0.28752145441211674,
      0.0771646983542053
    ],
    [
      -0.7214583855293671,
      -0.4689882420407079,
      -0.37235894202970105
    ],
    [
      0.13594679074779267,
      0.017558655212153794,
      -0.2413214227090087
    ],
    [
      0.07221910008117709,
      -0.22130832511154003,
      0.04560122328472626
    ],
    [
      -0.5980226669063848,
      0.20984416085242072,
      -0.33900304305276896
    ],
    [
      -0.08021618241275083,
      -0.14141797722117683,
      -0.706271657446458
    ],
    [
      -0.3462292075545015,
      -0.06675754858716021,
      0.06209040145236568
    ],
    [
      -1.077181284909991,
      -0.02014038036641342,
      1.2230939197722344
    ],
    [
      0.3818685453571058,
      0.01765071881699623,
      -0.3075088271315696
    ],
    [
      -0.7142842940337688,
      -0.8208669900807024,
      -0.3297284810671862
    ],
    [
      0.6367583587106103,
      -0.5993838744805335,
      0.4618312708004474
    ],
    [
      -0.21875874560446257,
      0.08011512115965136,
      -0.4020362591643068
    ],
    [
